<?xml version="1.0" encoding="UTF-8"?>
<project-private xmlns="http://www.netbeans.org/ns/project-private/1">
    <editor-bookmarks xmlns="http://www.netbeans.org/ns/editor-bookmarks/2" lastBookmarkId="0"/>
    <open-files xmlns="http://www.netbeans.org/ns/projectui-open-files/2">
        <group>
            <file>file:/C:/Users/diego_m66h/OneDrive/DAZ%20UMCA/Progra%201/Examen%201/Diego%20Araya%20Exa1/ArayaDiego/src/Clases/Alumno.java</file>
            <file>file:/C:/Users/diego_m66h/OneDrive/DAZ%20UMCA/Progra%201/Examen%201/Diego%20Araya%20Exa1/ArayaDiego/src/Vista/Inicio.java</file>
            <file>file:/C:/Users/diego_m66h/OneDrive/DAZ%20UMCA/Progra%201/Examen%201/Diego%20Araya%20Exa1/ArayaDiego/src/Vista/Gestion.java</file>
            <file>file:/C:/Users/diego_m66h/OneDrive/DAZ%20UMCA/Progra%201/Examen%201/Diego%20Araya%20Exa1/ArayaDiego/src/Vista/Leer.java</file>
        </group>
    </open-files>
</project-private>
